{
  "drives": [
    {
      "name": "⭕️歐逼",
      "server": "https://alistcn.repl.co"
    },
	{
      "name": "🌊云哲小站",
      "server": "http://202.81.231.111:50526"
    },
	{
      "name": "🐮98NB",
      "server": "https://a.98nb.ga"
    },
    {
      "name": "🍆神器云",
      "server": "https://al.chirmyram.com"
    },
    {
      "name": "💢丫仙女",
      "server": "http://alist.xiaoya.pro"
    },
    {
     "name": "🎢arhome",
     "server": "https://xn--ar-4g8e.tk"
    },
    {
     "name": "🦠蓝魔",
     "server": "https://alistcn.repl.co"
    },
    {
     "name": "🧬杜比",
     "server": "https://dubi.tk"
    },
    {
     "name": "🥼帥盘",
     "server": "https://hi.shuaipeng.wang"
    },
    {
     "name": "🌤晴园宝藏",
     "server": "https://alist.52qy.repl.co"
    },
    {
     "name": "🐭米奇妙妙屋",
     "server": "https://anime.mqmmw.ga"
    },
    {
     "name": "💂小兵网盘",
     "server": "https://6vv.app"
    },
    {
     "name": "🐋一只鱼",
     "server": "https://alist.youte.ml"
    },
    {
     "name": "🐉神族九帝",
     "server": "https://alist.shenzjd.com"
    },
    {
     "name": "☃姬路白雪",
     "server": "https://pan.jlbx.xyz"
    },
    {
     "name": "🕵好汉吧",
     "server": "https://8023.haohanba.cn"
    },
    {
     "name": "🎡資源小站",
     "server": "https://960303.xyz"
    },
    {
     "name": "🎧听闻网盘",
     "server": "https://wangpan.sangxuesheng.com"
    },
    {
     "name": "💾DISK",
     "server": "http://124.222.140.243:8080"
    },
    {
     "name": "🌨云播放",
     "server": "https://quanzi.laoxianghuijia.cn"
    },
    {
     "name": "✨星梦",
     "server": "https://pan.bashroot.top"
    },
    {
     "name": "💫触光",
     "server": "https://pan.ichuguang.com"
    },
    {
     "name": "🥒SB盘",
     "server": "http://sbpan.tk"
    },
    {
     "name": "🧔老刘备",
     "server": "https://ali.liucn.repl.co"
    },
    {
     "name": "🌨秋雨分享",
     "server": "https://share.laowang.me"
    },
    {
     "name": "🌼菊花盘",
     "server": "https://pan.142856.xyz"
    },
    {
     "name": " 👀梓澪",
     "server": "https://zi0.cc"
    },
    {
     "name": "💦讯维",
     "server": "https://pan.xwbeta.com"
    },
	{
     "name": "🦀9T(Adult)",
     "server": "https://drive.9t.ee"
    }
  ]
}  
